{
  "$comment": "Automatically generated by scripts/boost/generate-ports.ps1",
  "name": "boost-thread",
  "version": "1.82.0",
  "port-version": 2,
  "description": "Boost thread module",
  "homepage": "https://github.com/boostorg/thread",
  "license": "BSL-1.0",
  "dependencies": [
    {
      "name": "boost-algorithm",
      "version>=": "1.82.0"
    },
    {
      "name": "boost-assert",
      "version>=": "1.82.0"
    },
    {
      "name": "boost-atomic",
      "version>=": "1.82.0"
    },
    {
      "name": "boost-bind",
      "version>=": "1.82.0"
    },
    {
      "name": "boost-build",
      "host": true,
      "version>=": "1.82.0"
    },
    {
      "name": "boost-chrono",
      "version>=": "1.82.0"
    },
    {
      "name": "boost-concept-check",
      "version>=": "1.82.0"
    },
    {
      "name": "boost-config",
      "version>=": "1.82.0"
    },
    {
      "name": "boost-container",
      "version>=": "1.82.0"
    },
    {
      "name": "boost-container-hash",
      "version>=": "1.82.0"
    },
    {
      "name": "boost-core",
      "version>=": "1.82.0"
    },
    {
      "name": "boost-date-time",
      "version>=": "1.82.0"
    },
    {
      "name": "boost-exception",
      "version>=": "1.82.0"
    },
    {
      "name": "boost-function",
      "version>=": "1.82.0"
    },
    {
      "name": "boost-intrusive",
      "version>=": "1.82.0"
    },
    {
      "name": "boost-io",
      "version>=": "1.82.0"
    },
    {
      "name": "boost-iterator",
      "version>=": "1.82.0"
    },
    {
      "name": "boost-lexical-cast",
      "version>=": "1.82.0"
    },
    {
      "name": "boost-modular-build-helper",
      "host": true,
      "version>=": "1.82.0"
    },
    {
      "name": "boost-move",
      "version>=": "1.82.0"
    },
    {
      "name": "boost-optional",
      "version>=": "1.82.0"
    },
    {
      "name": "boost-predef",
      "version>=": "1.82.0"
    },
    {
      "name": "boost-preprocessor",
      "version>=": "1.82.0"
    },
    {
      "name": "boost-smart-ptr",
      "version>=": "1.82.0"
    },
    {
      "name": "boost-static-assert",
      "version>=": "1.82.0"
    },
    {
      "name": "boost-system",
      "version>=": "1.82.0"
    },
    {
      "name": "boost-throw-exception",
      "version>=": "1.82.0"
    },
    {
      "name": "boost-tuple",
      "version>=": "1.82.0"
    },
    {
      "name": "boost-type-traits",
      "version>=": "1.82.0"
    },
    {
      "name": "boost-utility",
      "version>=": "1.82.0"
    },
    {
      "name": "boost-vcpkg-helpers",
      "version>=": "1.82.0"
    },
    {
      "name": "boost-winapi",
      "version>=": "1.82.0"
    },
    {
      "name": "vcpkg-cmake",
      "host": true
    }
  ]
}
